City_ID,City,Country,Date,Lat,Lng,Max Temp,Humidity,Cloudiness,Wind Speed
0,Seminole,US,2022-11-11 21:32:23,28.7086,-81.2081,80.69,89,75,10.36
1,Vaini,TO,2022-11-11 21:37:00,-21.2,-175.2,82.56,83,20,5.75
2,Bien Hoa,VN,2022-11-11 21:37:00,10.95,106.8167,80.58,91,99,3.89
3,Puerto Ayora,EC,2022-11-11 21:37:00,-0.7393,-90.3518,76.96,83,65,14.0
4,Castro,BR,2022-11-11 21:37:01,-24.7911,-50.0119,58.69,95,100,4.41
5,Alexandria,EG,2022-11-11 21:34:10,31.2156,29.9553,64.94,57,0,10.38
6,Hermanus,ZA,2022-11-11 21:37:02,-34.4187,19.2345,62.8,87,0,4.41
7,Bandarbeyla,SO,2022-11-11 21:37:02,9.4942,50.8122,78.78,73,93,13.38
8,Butaritari,KI,2022-11-11 21:37:02,3.0707,172.7902,81.45,76,67,13.8
9,Tiksi,RU,2022-11-11 21:37:03,71.6872,128.8694,-13.85,99,94,6.85
10,Rikitea,PF,2022-11-11 21:37:03,-23.1203,-134.9692,74.66,88,100,12.35
11,Mar Del Plata,AR,2022-11-11 21:37:04,-38.0023,-57.5575,67.82,86,75,12.66
12,Ushuaia,AR,2022-11-11 21:37:05,-54.8,-68.3,51.46,54,20,21.85
13,Barrow,US,2022-11-11 21:37:05,71.2906,-156.7887,19.42,93,100,19.57
14,Grand Gaube,MU,2022-11-11 21:37:05,-20.0064,57.6608,72.0,74,24,3.0
15,Marsa Matruh,EG,2022-11-11 21:37:06,31.3525,27.2453,66.4,52,40,6.91
16,Rosarito,MX,2022-11-11 21:37:06,32.3333,-117.0333,74.41,30,100,8.59
17,Caravelas,BR,2022-11-11 21:35:37,-17.7125,-39.2481,75.61,83,75,8.68
18,Richards Bay,ZA,2022-11-11 21:37:07,-28.783,32.0377,71.92,82,100,12.37
19,Chokurdakh,RU,2022-11-11 21:37:08,70.6333,147.9167,-24.84,98,95,6.6
20,Kapaa,US,2022-11-11 21:37:08,22.0752,-159.319,82.38,64,75,21.85
21,Alofi,NU,2022-11-11 21:37:09,-19.0595,-169.9187,80.49,74,75,11.5
22,Saskylakh,RU,2022-11-11 21:37:09,71.9167,114.0833,-19.88,99,93,1.63
23,Taltal,CL,2022-11-11 21:37:10,-25.4,-70.4833,64.22,68,98,6.44
24,Cape Town,ZA,2022-11-11 21:37:10,-33.9258,18.4232,63.09,79,0,9.22
25,Punta Arenas,CL,2022-11-11 21:27:12,-53.15,-70.9167,48.31,66,20,10.36
26,Esperance,AU,2022-11-11 21:37:11,-33.8667,121.9,49.84,73,97,22.01
27,Faya,SA,2022-11-11 21:37:11,18.3851,42.4509,57.31,73,1,1.23
28,Saint-Philippe,RE,2022-11-11 21:37:12,-21.3585,55.7679,72.99,83,55,8.57
29,Port Alfred,ZA,2022-11-11 21:36:31,-33.5906,26.891,70.18,89,88,4.0
30,Qitaihe,CN,2022-11-11 21:37:13,45.8,130.85,36.34,70,100,5.5
31,Atuona,PF,2022-11-11 21:36:28,-9.8,-139.0333,77.41,79,13,14.63
32,Busselton,AU,2022-11-11 21:37:13,-33.65,115.3333,52.74,76,83,9.46
33,Oktyabrskiy,RU,2022-11-11 21:37:14,54.4815,53.471,39.07,96,100,15.93
34,Klaksvik,FO,2022-11-11 21:37:14,62.2266,-6.589,50.92,84,38,25.14
35,Vrangel,RU,2022-11-11 21:37:15,42.7297,133.0839,50.36,96,100,4.85
36,Mahebourg,MU,2022-11-11 21:37:15,-20.4081,57.7,71.89,83,20,2.3
37,Cabo San Lucas,MX,2022-11-11 21:35:52,22.8909,-109.9124,84.61,61,20,6.91
38,Asfi,MA,2022-11-11 21:34:46,32.2994,-9.2372,65.89,82,0,3.85
39,Severo-Kurilsk,RU,2022-11-11 21:37:16,50.6789,156.125,34.63,62,95,28.23
40,Nanortalik,GL,2022-11-11 21:37:17,60.1432,-45.2371,23.56,89,100,7.74
41,Katsuura,JP,2022-11-11 21:36:50,35.1333,140.3,63.75,80,22,4.61
42,Colquechaca,BO,2022-11-11 21:37:17,-18.6667,-66.0167,49.03,6,41,20.04
43,Comodoro Rivadavia,AR,2022-11-11 21:34:17,-45.8667,-67.5,60.66,63,40,12.66
44,Jutai,BR,2022-11-11 21:37:18,-5.1833,-68.9,82.35,75,99,2.93
45,Teknaf,BD,2022-11-11 21:37:19,20.8624,92.3058,69.85,81,7,6.31
46,Havre-Saint-Pierre,CA,2022-11-11 21:37:19,50.2334,-63.5986,32.0,47,100,8.05
47,Norman Wells,CA,2022-11-11 21:38:20,65.282,-126.8329,14.04,85,75,5.75
48,Praya,CV,2022-11-11 21:37:23,14.9215,-23.5087,77.54,73,75,11.5
49,Zatoka,UA,2022-11-11 21:38:20,46.0725,30.4654,51.91,84,99,10.92
50,Narsaq,GL,2022-11-11 21:38:21,60.9167,-46.05,23.22,95,100,3.49
51,Tonota,BW,2022-11-11 21:38:21,-21.4833,27.4833,70.29,75,100,13.67
52,Korem,ET,2022-11-11 21:38:22,12.5058,39.5228,52.2,64,20,3.74
53,Maues,BR,2022-11-11 21:38:22,-3.3836,-57.7186,84.51,44,90,2.17
54,Wangqing,CN,2022-11-11 21:38:22,43.3218,129.7634,45.97,92,100,2.73
55,New Norfolk,AU,2022-11-11 21:36:34,-42.7826,147.0587,53.92,61,100,4.0
56,East London,ZA,2022-11-11 21:38:23,-33.0153,27.9116,70.43,91,100,21.92
57,Ratnagiri,IN,2022-11-11 21:38:23,16.9833,73.3,74.53,55,69,7.27
58,Mataura,NZ,2022-11-11 21:38:24,-46.1927,168.8643,58.48,62,100,4.81
59,Deputatskiy,RU,2022-11-11 21:38:24,69.3,139.9,-15.38,98,95,2.77
60,Moree,AU,2022-11-11 21:38:25,-29.4667,149.85,74.73,46,55,12.59
61,Karabuk,TR,2022-11-11 21:38:25,41.2049,32.6277,45.99,90,35,2.08
62,Amalapuram,IN,2022-11-11 21:38:25,16.5833,82.0167,76.12,73,19,6.67
63,La Roda,ES,2022-11-11 21:38:26,39.2167,-2.15,55.4,92,20,16.06
64,Simao,CN,2022-11-11 21:38:26,22.7886,100.9748,53.06,89,33,0.98
65,Grosse Pointe Woods,US,2022-11-11 21:38:27,42.4436,-82.9069,64.53,74,0,4.61
66,Sao Domingos,BR,2022-11-11 21:38:27,-13.3983,-46.3183,70.88,91,95,6.71
67,Bluff,NZ,2022-11-11 21:36:31,-46.6,168.3333,58.8,78,100,7.67
68,Jamestown,US,2022-11-11 21:36:29,42.097,-79.2353,62.24,71,100,3.44
69,Sept-Iles,CA,2022-11-11 21:35:42,50.2001,-66.3821,33.06,84,100,5.75
70,Port Keats,AU,2022-11-11 21:38:28,-14.25,129.55,84.74,70,15,7.52
71,Camacha,PT,2022-11-11 21:38:29,33.0833,-16.3333,63.82,77,20,1.14
72,Port Elizabeth,ZA,2022-11-11 21:38:29,-33.918,25.5701,68.31,89,0,6.91
73,Port Blair,IN,2022-11-11 21:38:30,11.6667,92.75,78.71,81,97,7.96
74,Sakaiminato,JP,2022-11-11 21:38:30,35.55,133.2333,48.18,100,20,4.61
75,Bredasdorp,ZA,2022-11-11 21:38:30,-34.5322,20.0403,62.64,98,62,1.83
76,Balkhash,KZ,2022-11-11 21:38:31,46.844,74.9804,31.46,71,68,3.47
77,Ca Mau,VN,2022-11-11 21:38:31,9.1769,105.15,75.63,93,89,5.01
78,Kavieng,PG,2022-11-11 21:38:32,-2.5744,150.7967,83.64,75,99,6.22
79,Berbera,SO,2022-11-11 21:38:32,10.4396,45.0143,80.33,72,7,9.08
80,Bethel,US,2022-11-11 21:38:33,41.3712,-73.414,66.29,88,100,9.22
81,Kapoeta,SS,2022-11-11 21:38:33,4.7717,33.5903,77.54,58,100,8.75
82,Moussoro,TD,2022-11-11 21:38:34,13.6408,16.4901,79.97,20,44,12.77
83,Isangel,VU,2022-11-11 21:37:47,-19.55,169.2667,82.51,89,100,3.44
84,Pali,IN,2022-11-11 21:38:34,25.7667,73.3333,68.54,37,0,5.61
85,Novaya Zaimka,RU,2022-11-11 21:38:35,56.4857,66.9241,34.41,100,100,12.08
86,Fairbanks,US,2022-11-11 21:35:16,64.8378,-147.7164,24.93,86,0,4.61
87,Kodiak,US,2022-11-11 21:38:35,57.79,-152.4072,42.31,93,40,3.44
88,Morogoro,TZ,2022-11-11 21:38:36,-6.8167,37.6667,68.88,94,37,3.71
89,Mount Gambier,AU,2022-11-11 21:35:34,-37.8333,140.7667,56.73,76,86,9.93
90,Oksfjord,NO,2022-11-11 21:38:36,70.2396,22.3479,37.58,87,42,5.7
91,Souillac,MU,2022-11-11 21:38:36,-20.5167,57.5167,71.98,83,20,2.3
92,Son La,VN,2022-11-11 21:39:37,21.3167,103.9,62.76,95,60,1.14
93,Lorengau,PG,2022-11-11 21:39:37,-2.0226,147.2712,82.83,73,98,3.15
94,Fortuna,US,2022-11-11 21:39:38,40.5982,-124.1573,58.66,62,60,4.0
95,Araouane,ML,2022-11-11 21:39:38,18.9048,-3.5265,74.95,11,56,8.12
96,Havoysund,NO,2022-11-11 21:39:39,70.9963,24.6622,34.03,82,100,2.64
97,Pomabamba,PE,2022-11-11 21:39:39,-8.8333,-77.4667,58.53,57,100,3.96
98,Rwamagana,RW,2022-11-11 21:39:39,-1.9487,30.4347,65.64,98,89,1.97
99,Banjar,ID,2022-11-11 21:39:40,-8.19,114.9675,76.78,87,93,2.75
100,Venice,US,2022-11-11 21:39:40,27.0998,-82.4543,81.07,87,64,6.73
101,Thompson,CA,2022-11-11 21:37:39,55.7435,-97.8558,3.36,78,20,4.61
102,Texarkana,US,2022-11-11 21:39:41,33.4251,-94.0477,59.23,89,100,8.05
103,Longyearbyen,SJ,2022-11-11 21:39:41,78.2186,15.6401,21.04,79,0,10.36
104,Yellowknife,CA,2022-11-11 21:35:02,62.456,-114.3525,23.56,80,100,23.02
105,Aripuana,BR,2022-11-11 21:39:42,-9.1667,-60.6333,80.64,66,84,1.39
106,Ishigaki,JP,2022-11-11 21:39:42,24.3448,124.1572,78.93,94,100,9.22
107,Igrim,RU,2022-11-11 21:39:42,63.1906,64.4162,20.91,94,100,8.81
108,Januaria,BR,2022-11-11 21:39:43,-15.4833,-44.3667,74.88,71,76,1.59
109,Iqaluit,CA,2022-11-11 21:39:43,63.7506,-68.5145,4.73,84,75,4.0
110,Ponta Do Sol,PT,2022-11-11 21:35:36,32.6667,-17.1,68.72,80,56,2.01
111,Atbasar,KZ,2022-11-11 21:39:44,51.8,68.3333,33.49,98,100,18.72
112,Apatity,RU,2022-11-11 21:39:44,67.5641,33.4031,29.53,99,100,8.05
113,Batagay-Alyta,RU,2022-11-11 21:39:45,67.8006,130.4114,-9.29,99,100,0.27
114,Avarua,CK,2022-11-11 21:38:06,-21.2078,-159.775,77.05,69,20,11.5
115,Coquimbo,CL,2022-11-11 21:39:45,-29.9533,-71.3436,62.33,67,0,9.22
116,Tasiilaq,GL,2022-11-11 21:39:46,65.6145,-37.6368,33.96,66,100,21.3
117,Albany,US,2022-11-11 21:34:50,42.6001,-73.9662,63.18,92,100,5.01
118,Sorland,NO,2022-11-11 21:39:46,67.667,12.6934,46.26,81,97,31.43
119,Flinders,AU,2022-11-11 21:39:47,-34.5833,150.8552,73.38,79,25,1.99
120,Kloulklubed,PW,2022-11-11 21:39:29,7.0419,134.2556,84.09,76,100,17.22
121,Kushiro,JP,2022-11-11 21:39:47,42.975,144.3747,43.29,70,85,12.24
122,Quzhou,CN,2022-11-11 21:39:48,28.9594,118.8686,65.71,95,15,2.89
123,Coihaique,CL,2022-11-11 21:39:40,-45.5752,-72.0662,63.21,51,75,10.36
124,Pisco,PE,2022-11-11 21:39:48,-13.7,-76.2167,69.85,68,0,17.27
125,Carnarvon,AU,2022-11-11 21:39:06,-24.8667,113.6333,62.37,61,0,20.78
126,Port Hedland,AU,2022-11-11 21:39:49,-20.3167,118.5667,66.25,94,16,6.91
127,Vostok,RU,2022-11-11 21:39:49,46.4856,135.8833,33.84,98,100,4.65
128,Saint George,US,2022-11-11 21:29:39,37.1041,-113.5841,53.44,24,0,3.0
129,Karangasem,ID,2022-11-11 21:39:50,-8.45,115.6167,76.68,83,100,2.62
130,Sola,VU,2022-11-11 21:39:50,-13.8833,167.55,75.87,94,100,1.14
131,Lebu,CL,2022-11-11 21:39:51,-37.6167,-73.65,54.99,90,77,12.86
132,Qaanaaq,GL,2022-11-11 21:39:51,77.484,-69.3632,-3.41,62,0,7.14
133,Grindavik,IS,2022-11-11 21:39:52,63.8424,-22.4338,41.47,93,75,6.91
134,Lasa,IT,2022-11-11 21:39:52,46.6166,10.7002,49.08,47,98,0.67
135,Coxim,BR,2022-11-11 21:39:52,-18.5067,-54.76,75.09,79,64,9.01
136,Provideniya,RU,2022-11-11 21:39:53,64.3833,-173.3,15.67,67,1,7.38
137,Sioux Lookout,CA,2022-11-11 21:40:53,50.1001,-91.917,21.27,79,100,11.5
138,Faanui,PF,2022-11-11 21:40:54,-16.4833,-151.75,77.61,78,86,4.12
139,Leningradskiy,RU,2022-11-11 21:40:54,69.3833,178.4167,-4.86,96,91,6.98
140,Acarau,BR,2022-11-11 21:40:54,-2.8856,-40.12,79.72,75,78,18.41
141,Marrakesh,MA,2022-11-11 21:40:17,31.6315,-8.0083,68.07,45,0,9.22
142,Wattegama,LK,2022-11-11 21:40:55,6.7989,81.4808,73.47,93,100,2.04
143,Urdoma,RU,2022-11-11 21:40:55,61.7533,48.5442,37.83,98,100,8.34
144,Chuy,UY,2022-11-11 21:40:56,-33.6971,-53.4616,64.78,81,4,12.06
145,Hilo,US,2022-11-11 21:37:41,19.7297,-155.09,81.1,76,75,11.5
146,Cherskiy,RU,2022-11-11 21:40:56,68.75,161.3,-28.19,100,56,1.77
147,Qaqortoq,GL,2022-11-11 21:40:57,60.7167,-46.0333,21.31,93,100,3.11
148,Hobart,AU,2022-11-11 21:40:02,-42.8794,147.3294,54.27,74,98,6.2
149,Diosjeno,HU,2022-11-11 21:40:57,47.9397,19.0432,48.34,83,85,2.84
150,Sawakin,SD,2022-11-11 21:40:58,19.1059,37.3321,83.16,76,99,9.53
151,Doha,QA,2022-11-11 21:40:58,25.2867,51.5333,80.58,78,0,3.44
152,Cam Ranh,VN,2022-11-11 21:40:58,11.9214,109.1591,80.56,74,40,12.66
153,Mbini,GQ,2022-11-11 21:40:59,1.574,9.6134,77.09,83,100,2.37
154,La Quinta,US,2022-11-11 21:40:59,33.6634,-116.31,71.98,12,0,1.01
155,Pevek,RU,2022-11-11 21:41:00,69.7008,170.3133,-6.93,100,97,3.87
156,Lerwick,GB,2022-11-11 21:41:00,60.1545,-1.1494,51.8,82,65,23.58
157,Chimbote,PE,2022-11-11 21:40:33,-9.0853,-78.5783,66.0,79,62,11.16
158,Airai,TL,2022-11-11 21:41:01,-8.9266,125.4092,62.4,84,86,1.99
159,Ellensburg,US,2022-11-11 21:37:52,46.9965,-120.5479,36.25,75,75,1.99
160,Shumikha,RU,2022-11-11 21:41:01,55.2261,63.2961,35.76,98,100,12.5
161,Fort Nelson,CA,2022-11-11 21:41:02,58.8053,-122.7002,13.59,79,75,3.44
162,Padang,ID,2022-11-11 21:41:03,-0.9492,100.3543,76.1,90,100,2.8
163,Mancio Lima,BR,2022-11-11 21:41:03,-7.6142,-72.8958,82.47,78,40,0.0
164,Nikolskoye,RU,2022-11-11 21:41:05,59.7035,30.7861,51.69,90,100,10.98
165,Esna,EG,2022-11-11 21:41:05,25.2934,32.554,68.02,31,0,7.52
166,Pontes E Lacerda,BR,2022-11-11 21:41:06,-15.2261,-59.3353,72.45,89,93,4.0
167,Atambua,ID,2022-11-11 21:41:06,-9.1061,124.8925,75.83,82,61,2.98
168,Kysyl-Syr,RU,2022-11-11 21:41:06,63.8986,122.7617,-16.1,100,83,3.49
169,Aksarka,RU,2022-11-11 21:41:07,66.5606,67.7975,3.04,95,70,13.29
170,La Palma,US,2022-11-11 21:41:07,33.8464,-118.0467,75.87,26,0,10.36
171,San Policarpo,PH,2022-11-11 21:41:08,12.1791,125.5072,81.57,82,84,8.97
172,Ushtobe,KZ,2022-11-11 21:41:08,45.2514,77.9838,35.94,62,96,4.14
173,Kuloy,RU,2022-11-11 21:41:09,61.0305,42.4925,44.28,91,100,12.44
174,Muros,ES,2022-11-11 21:41:09,42.7762,-9.0603,53.1,94,0,6.64
175,Hithadhoo,MV,2022-11-11 21:41:10,-0.6,73.0833,80.94,79,100,14.7
176,Hokitika,NZ,2022-11-11 21:41:10,-42.7167,170.9667,58.5,84,100,1.61
177,Riyadh,SA,2022-11-11 21:41:10,24.6877,46.7219,77.14,27,33,7.96
178,Hualmay,PE,2022-11-11 21:41:11,-11.0964,-77.6139,67.71,73,28,10.92
179,Pulandian,CN,2022-11-11 21:41:11,39.3953,121.9669,59.22,97,100,7.45
180,Jiehu,CN,2022-11-11 21:41:12,35.5428,118.455,61.63,99,100,3.18
181,Dikson,RU,2022-11-11 21:41:12,73.5069,80.5464,-3.26,99,73,5.88
182,Trat,TH,2022-11-11 21:42:13,12.5,102.5,79.88,84,90,5.12
183,Rongcheng,CN,2022-11-11 21:42:14,30.634,117.8517,67.69,78,98,3.31
184,Estancia,BR,2022-11-11 21:42:14,-11.2683,-37.4383,74.53,90,76,3.85
185,Barstow,US,2022-11-11 21:42:15,34.8986,-117.0228,58.15,16,90,8.88
186,Kununurra,AU,2022-11-11 21:42:15,-15.7667,128.7333,78.78,89,22,0.0
187,Levin,NZ,2022-11-11 21:42:16,-40.6333,175.275,68.72,90,93,5.5
188,Panguna,PG,2022-11-11 21:42:16,-6.3164,155.4848,76.37,77,100,2.17
189,Puno,PE,2022-11-11 21:42:17,-15.8333,-70.0333,67.57,23,29,8.21
190,Clonakilty,IE,2022-11-11 21:42:17,51.6231,-8.8706,56.41,98,100,13.65
191,Talnakh,RU,2022-11-11 21:42:18,69.4865,88.3972,-9.56,94,41,6.51
192,Brae,GB,2022-11-11 21:42:18,60.3964,-1.353,52.92,83,85,24.47
193,Chumikan,RU,2022-11-11 21:42:19,54.7183,135.315,13.91,88,66,18.43
194,Derzhavinsk,KZ,2022-11-11 21:42:19,51.1,66.3167,33.75,97,100,20.24
195,Tilichiki,RU,2022-11-11 21:42:19,60.4667,166.1,13.05,90,100,8.3
196,Kalaleh,IR,2022-11-11 21:42:20,37.3807,55.4916,46.0,87,40,0.0
197,Nizhneudinsk,RU,2022-11-11 21:42:20,54.9076,99.0276,24.91,77,100,3.38
198,Huangmei,CN,2022-11-11 21:42:21,30.1924,116.025,70.75,67,87,2.84
199,Kaitangata,NZ,2022-11-11 21:42:21,-46.2817,169.8464,56.1,65,100,4.81
200,Tayu,ID,2022-11-11 21:42:22,-6.5397,111.0518,76.32,89,100,6.98
201,Lompoc,US,2022-11-11 21:42:22,34.6391,-120.4579,71.78,52,0,11.5
202,Jacareacanga,BR,2022-11-11 21:42:22,-6.2222,-57.7528,84.42,49,64,2.91
203,Vaitape,PF,2022-11-11 21:42:23,-16.5167,-151.75,77.52,78,85,4.45
204,San Jose,US,2022-11-11 21:40:40,37.3394,-121.895,64.06,50,100,4.0
205,Tinyahuarco,PE,2022-11-11 21:42:24,-10.75,-76.3,50.05,54,96,3.83
206,Sistranda,NO,2022-11-11 21:42:24,63.7256,8.834,48.16,94,100,23.24
207,Vung Tau,VN,2022-11-11 21:42:24,10.346,107.0843,78.84,81,99,5.64
208,Arraial Do Cabo,BR,2022-11-11 21:37:32,-22.9661,-42.0278,76.96,88,75,11.5
209,Ostrovnoy,RU,2022-11-11 21:42:25,68.0531,39.5131,37.42,97,100,15.57
210,Duyure,HN,2022-11-11 21:42:26,13.6333,-86.8167,73.6,86,94,3.49
211,Ancud,CL,2022-11-11 21:41:34,-41.8697,-73.8203,53.02,96,100,3.67
212,Champerico,GT,2022-11-11 21:42:26,14.3,-91.9167,90.14,70,6,5.48
213,Ribeira Grande,PT,2022-11-11 21:42:27,38.5167,-28.7,59.4,77,40,9.22
214,Podporozhye,RU,2022-11-11 21:42:27,60.9112,34.1706,47.79,90,100,11.36
215,Eirunepe,BR,2022-11-11 21:42:27,-6.6603,-69.8736,82.45,73,86,1.74
216,Georgetown,MY,2022-11-11 21:42:28,5.4112,100.3354,78.73,95,20,4.61
217,Bundaberg,AU,2022-11-11 21:42:28,-24.85,152.35,74.21,71,2,1.01
218,Hamilton,US,2022-11-11 21:42:29,39.1834,-84.5333,61.32,91,100,4.61
219,Bouza,NE,2022-11-11 21:42:29,14.4229,6.0428,79.7,22,86,7.7
220,Nemuro,JP,2022-11-11 21:42:30,43.3236,145.575,46.53,68,57,18.7
221,San Patricio,US,2022-11-11 21:42:30,28.017,-97.5169,84.29,62,99,6.55
222,Yatou,CN,2022-11-11 21:42:31,37.15,122.3833,61.39,98,98,13.96
223,Broken Hill,AU,2022-11-11 21:42:31,-31.95,141.4333,77.05,54,95,14.41
224,Pringsewu,ID,2022-11-11 21:42:32,-5.3582,104.9744,73.27,92,99,2.91
225,Chake Chake,TZ,2022-11-11 21:42:32,-5.2459,39.7666,75.67,89,57,4.41
226,Naze,JP,2022-11-11 21:43:33,28.3667,129.4833,70.72,92,97,8.93
227,Kivertsi,UA,2022-11-11 21:43:33,50.8343,25.4582,50.14,92,100,7.29
228,Mikun,RU,2022-11-11 21:43:33,62.3547,50.0771,34.84,100,100,4.85
229,Pocone,BR,2022-11-11 21:43:34,-16.2567,-56.6228,73.76,85,99,7.49
230,Maseru,LS,2022-11-11 21:43:34,-29.3167,27.4833,56.89,78,81,3.89
231,Jumla,NP,2022-11-11 21:39:05,29.2747,82.1838,38.21,68,1,4.36
232,Sibu,MY,2022-11-11 21:43:35,2.3,111.8167,73.71,100,40,2.3
233,Umm Kaddadah,SD,2022-11-11 21:43:35,13.6017,26.6876,72.43,24,9,12.15
234,Middelburg,ZA,2022-11-11 21:43:35,-25.7751,29.4648,62.2,86,99,4.32
235,Madison,US,2022-11-11 21:43:28,34.7334,-86.5667,71.33,77,100,8.05
236,Puerto Escondido,MX,2022-11-11 21:43:36,15.85,-97.0667,82.51,72,39,3.71
237,Hami,CN,2022-11-11 21:43:36,42.8,93.45,32.38,45,3,3.47
238,Saint-Georges,GD,2022-11-11 21:43:37,12.0564,-61.7485,80.28,83,75,19.57
239,Kodinsk,RU,2022-11-11 21:43:37,58.6881,99.1844,25.77,91,100,8.72
240,Adrar,MR,2022-11-11 21:43:37,20.5022,-10.0711,75.78,11,100,9.17
241,Aviles,ES,2022-11-11 21:43:38,43.5547,-5.9248,57.18,82,0,4.61
242,Niono,ML,2022-11-11 21:43:38,14.2526,-5.993,80.49,16,5,5.57
243,Takoradi,GH,2022-11-11 21:43:39,4.8845,-1.7554,78.13,84,64,6.38
244,Thinadhoo,MV,2022-11-11 21:43:39,0.5333,72.9333,81.25,77,100,15.26
245,Sao Jose Da Coroa Grande,BR,2022-11-11 21:43:39,-8.8978,-35.1478,77.88,82,8,6.49
246,Leshukonskoye,RU,2022-11-11 21:43:40,64.8989,45.7622,35.26,99,100,9.82
247,Batticaloa,LK,2022-11-11 21:43:40,7.7102,81.6924,76.44,88,91,10.33
248,Touros,BR,2022-11-11 21:43:41,-5.1989,-35.4608,78.96,73,8,13.65
249,Bambous Virieux,MU,2022-11-11 21:40:17,-20.3428,57.7575,71.85,83,20,2.3
250,Palm Beach,US,2022-11-11 21:43:41,26.6503,-80.4498,86.02,72,96,6.6
251,Jalingo,NG,2022-11-11 21:43:42,8.8833,11.3667,79.05,40,95,2.77
252,Sao Filipe,CV,2022-11-11 21:43:42,14.8961,-24.4956,77.63,72,78,6.17
253,Quesnel,CA,2022-11-11 21:43:42,52.9999,-122.5029,25.3,74,100,9.22
254,Raudeberg,NO,2022-11-11 21:43:43,61.9875,5.1352,52.47,1,100,22.66
255,Anito,PH,2022-11-11 21:43:43,12.4497,125.2886,79.12,88,89,5.88
256,Guiyang,CN,2022-11-11 21:43:34,26.5833,106.7167,63.09,82,100,8.95
257,Mikhaylov,RU,2022-11-11 21:43:44,54.2292,39.0186,45.09,85,100,14.7
258,Nioro,GM,2022-11-11 21:43:44,13.35,-15.75,76.05,38,96,6.31
259,San Cristobal,VE,2022-11-11 21:40:20,7.7669,-72.225,73.58,94,83,2.62
260,Govindgarh,IN,2022-11-11 21:43:45,27.5,76.9833,67.48,42,0,5.41
261,Kabompo,ZM,2022-11-11 21:43:45,-13.5927,24.2008,64.31,97,100,3.2
262,Kahului,US,2022-11-11 21:43:46,20.8947,-156.47,84.22,59,40,19.57
263,Road Town,VG,2022-11-11 21:43:46,18.4167,-64.6167,82.49,83,40,9.22
264,Abha,SA,2022-11-11 21:43:47,18.2164,42.5053,57.02,51,0,6.91
265,Muisne,EC,2022-11-11 21:43:47,0.6,-80.0333,74.5,78,99,10.58
266,Tuktoyaktuk,CA,2022-11-11 21:43:47,69.4541,-133.0374,24.8,93,100,11.5
267,Gat,IL,2022-11-11 21:43:47,31.61,34.7642,68.4,72,0,4.16
268,Khatanga,RU,2022-11-11 21:43:48,71.9667,102.5,-27.65,99,74,8.59
269,Nome,US,2022-11-11 21:40:11,64.5011,-165.4064,15.87,74,0,6.91
270,Torbay,CA,2022-11-11 21:43:49,47.6666,-52.7314,39.27,89,75,9.22
271,Mbandaka,CD,2022-11-11 21:43:49,0.0487,18.2603,69.75,97,95,2.44
272,Togur,RU,2022-11-11 21:44:49,58.3631,82.8265,26.02,97,100,6.51
273,Pemba,MZ,2022-11-11 21:44:50,-12.974,40.5178,70.5,100,75,7.45
274,Kurdzhinovo,RU,2022-11-11 21:44:50,43.9884,40.9552,40.89,77,8,4.0
275,Upernavik,GL,2022-11-11 21:44:51,72.7868,-56.1549,10.31,86,100,5.5
276,Vila Franca Do Campo,PT,2022-11-11 21:44:51,37.7167,-25.4333,58.19,75,100,4.56
277,Katobu,ID,2022-11-11 21:44:51,-4.9408,122.5276,76.1,92,81,2.04
278,Rizhao,CN,2022-11-11 21:44:52,35.4275,119.4553,62.8,99,100,4.79
279,Sayyan,YE,2022-11-11 21:44:52,15.1718,44.3244,51.01,33,1,4.83
280,Kismayo,SO,2022-11-11 21:44:52,-0.3582,42.5454,77.9,85,100,9.64
281,Safranbolu,TR,2022-11-11 21:44:53,41.2508,32.6942,43.29,93,32,1.72
282,Tiznit,MA,2022-11-11 21:44:53,29.5833,-9.5,68.77,30,14,5.5
283,Nueve De Julio,AR,2022-11-11 21:40:31,-35.4444,-60.8831,73.6,55,84,11.01
284,Espanola,US,2022-11-11 21:40:21,35.9911,-106.0806,48.6,31,2,1.99
285,Bahir Dar,ET,2022-11-11 21:44:54,11.5936,37.3908,60.44,85,91,3.51
286,Markova,UA,2022-11-11 21:44:54,48.6758,24.4138,44.53,76,89,4.54
287,Beyneu,KZ,2022-11-11 21:41:56,45.3167,55.2,40.03,79,1,7.0
288,Jinxi,CN,2022-11-11 21:44:55,30.4323,116.2922,69.12,68,91,0.74
289,Tawau,MY,2022-11-11 21:44:55,4.2498,117.8871,75.33,94,87,1.99
290,Mount Isa,AU,2022-11-11 21:40:41,-20.7333,139.5,74.97,73,40,4.61
291,Linxia,CN,2022-11-11 21:44:56,35.6003,103.2064,29.26,91,99,1.97
292,Bilibino,RU,2022-11-11 21:44:56,68.0546,166.4372,-24.39,98,77,4.5
293,Campbell River,CA,2022-11-11 21:44:57,50.0163,-125.2446,41.45,100,100,3.44
294,Zhirnov,RU,2022-11-11 21:44:57,48.1709,41.1261,39.97,88,16,1.97
295,Fartatesti,RO,2022-11-11 21:44:58,44.7833,24.0,49.28,89,100,2.73
296,Grand Forks,US,2022-11-11 21:44:58,47.9417,-97.4337,19.13,79,75,21.85
297,Yelan,RU,2022-11-11 21:44:58,50.949,43.7378,37.22,89,98,8.66
298,Kapit,MY,2022-11-11 21:44:59,2.0167,112.9333,73.69,100,100,0.94
299,Beira,MZ,2022-11-11 21:44:59,-19.8436,34.8389,78.89,83,20,7.0
300,Kavaratti,IN,2022-11-11 21:45:00,10.5669,72.642,82.04,60,100,3.11
301,Aklavik,CA,2022-11-11 21:45:00,68.2191,-135.0107,6.22,93,52,3.04
302,Atar,MR,2022-11-11 21:45:00,20.5169,-13.0499,77.04,13,54,5.35
303,Ponta Delgada,PT,2022-11-11 21:45:01,37.7333,-25.6667,58.5,76,20,4.61
304,The Valley,AI,2022-11-11 21:41:20,18.217,-63.0578,82.54,78,20,9.22
305,Balagansk,RU,2022-11-11 21:45:02,54.0103,103.0544,23.61,82,100,4.27
306,Lagoa,PT,2022-11-11 21:45:02,39.05,-27.9833,61.47,67,2,18.75
307,Avera,US,2022-11-11 21:45:03,33.194,-82.5271,67.51,94,100,15.79
308,Amapa,BR,2022-11-11 21:45:03,1.0,-52.0,73.22,96,84,2.19
309,Pombas,CV,2022-11-11 21:45:04,17.1503,-25.0201,74.98,70,6,11.34
310,Catuday,PH,2022-11-11 21:45:04,16.2923,119.8062,78.91,81,12,10.16
311,Alekseyevsk,RU,2022-11-11 21:45:05,57.8406,108.3492,23.4,91,98,11.41
312,Rio Gallegos,AR,2022-11-11 21:45:06,-51.6226,-69.2181,59.05,25,40,12.66
313,Los Chiles,CR,2022-11-11 21:45:06,11.0333,-84.7167,79.14,90,78,3.74
314,Saldanha,ZA,2022-11-11 21:42:45,-33.0117,17.9442,59.13,92,0,8.7
315,Krutinka,RU,2022-11-11 21:45:07,56.0055,71.5113,32.83,98,100,14.07
316,Rocha,UY,2022-11-11 21:45:07,-34.4833,-54.3333,64.35,81,7,12.17
317,Ketchikan,US,2022-11-11 21:45:08,55.3422,-131.6461,43.27,87,100,8.05
318,Port-Gentil,GA,2022-11-11 21:42:49,-0.7193,8.7815,80.56,78,75,6.91
319,Oktyabrsk,KZ,2022-11-11 21:46:09,49.4744,57.4233,30.27,93,84,9.08
320,Christchurch,NZ,2022-11-11 21:46:09,-43.5333,172.6333,69.42,74,62,8.05
321,Rocky Mountain House,CA,2022-11-11 21:46:10,52.3668,-114.9188,28.51,54,61,3.44
322,Limon,CR,2022-11-11 21:46:10,10.0,-83.0333,85.89,70,0,9.22
323,Bengkulu,ID,2022-11-11 21:46:10,-3.8004,102.2655,74.19,91,98,4.03
324,Bud,US,2022-11-11 21:44:01,39.447,-86.1758,53.55,59,100,15.95
325,Ilulissat,GL,2022-11-11 21:46:11,69.2167,-51.1,19.42,73,75,3.44
326,Gizo,SB,2022-11-11 21:46:11,-8.103,156.8419,82.27,74,100,5.23
327,Vila Velha,BR,2022-11-11 21:46:12,-20.3297,-40.2925,76.95,86,40,11.5
328,Port Hawkesbury,CA,2022-11-11 21:46:13,45.6169,-61.3485,50.18,88,20,3.44
329,Hasaki,JP,2022-11-11 21:46:13,35.7333,140.8333,58.21,73,75,10.87
330,Victoria,HK,2022-11-11 21:42:53,22.2855,114.1577,75.38,88,10,1.99
331,Constitucion,CL,2022-11-11 21:46:14,-35.3333,-72.4167,55.85,93,100,14.14
332,North Branch,US,2022-11-11 21:46:14,45.5113,-92.9802,33.94,86,100,11.99
333,Suluq,LY,2022-11-11 21:46:15,31.6682,20.2521,62.64,65,1,7.52
334,Sinnamary,GF,2022-11-11 21:46:15,5.3833,-52.95,78.94,86,61,6.08
335,Ponca City,US,2022-11-11 21:46:16,36.707,-97.0856,40.96,46,20,17.27
336,Malakal,SS,2022-11-11 21:46:16,9.5334,31.6605,75.6,26,29,5.5
337,Gorin,RU,2022-11-11 21:46:17,51.1983,136.6669,23.72,93,84,2.8
338,Clyde River,CA,2022-11-11 21:46:17,70.4692,-68.5914,-7.37,71,0,9.22
339,Kulu,TR,2022-11-11 21:46:18,39.0951,33.0799,46.69,56,0,6.02
340,Belaya Gora,RU,2022-11-11 21:46:18,68.5333,146.4167,-29.24,100,85,1.32
341,Shingu,JP,2022-11-11 21:46:19,33.7333,135.9833,60.33,82,13,5.95
342,Tadine,NC,2022-11-11 21:46:19,-21.55,167.8833,77.72,78,56,14.34
343,Koch Bihar,IN,2022-11-11 21:46:19,26.3167,89.4333,67.01,78,64,3.65
344,Prince Rupert,CA,2022-11-11 21:42:53,54.3161,-130.3201,42.89,89,100,6.91
345,Kottagudem,IN,2022-11-11 21:46:20,17.55,80.6333,68.36,82,90,2.33
346,Kemijarvi,FI,2022-11-11 21:46:20,66.7131,27.4306,35.24,91,26,10.98
347,College,US,2022-11-11 21:43:46,64.8569,-147.8028,24.91,85,75,4.61
348,Cabedelo,BR,2022-11-11 21:46:21,-6.9811,-34.8339,81.27,75,8,9.1
349,Barra Do Corda,BR,2022-11-11 21:46:21,-5.5,-45.25,75.13,90,85,8.16
350,Laguna,US,2022-11-11 21:46:22,38.421,-121.4238,62.31,49,0,6.91
351,Sa Kaeo,TH,2022-11-11 21:46:22,13.75,102.3333,74.7,85,100,4.65
352,Cascais,PT,2022-11-11 21:46:23,38.6979,-9.4215,64.51,82,0,5.01
353,Kieta,PG,2022-11-11 21:46:23,-6.2167,155.6333,81.64,80,100,4.74
354,Puerto Ayacucho,VE,2022-11-11 21:46:24,5.6639,-67.6236,79.84,82,97,3.91
355,Beringovskiy,RU,2022-11-11 21:46:24,63.05,179.3167,10.78,86,31,10.8
356,Port Lincoln,AU,2022-11-11 21:45:53,-34.7333,135.8667,62.35,90,100,16.17
357,Anloga,GH,2022-11-11 21:46:25,5.7947,0.8973,81.12,77,82,8.21
358,Dunedin,NZ,2022-11-11 21:46:25,-45.8742,170.5036,59.7,62,100,5.61
359,Altamont,US,2022-11-11 21:46:25,42.2068,-121.7372,41.77,70,0,1.99
360,Sitka,US,2022-11-11 21:41:30,57.0531,-135.33,42.69,81,75,6.91
361,Krasnyy Klyuch,RU,2022-11-11 21:46:26,55.3863,56.6529,36.01,99,100,11.39
362,Hearst,CA,2022-11-11 21:45:52,49.6835,-83.6665,26.85,93,100,11.92
363,Usinsk,RU,2022-11-11 21:46:27,65.9939,57.5281,0.99,98,41,7.54
364,Mapiripan,CO,2022-11-11 21:46:27,2.8892,-72.1256,81.52,77,32,3.4
365,Hella,NO,2022-11-11 21:47:28,67.2,14.4333,48.34,89,40,28.77
366,Lida,BY,2022-11-11 21:47:28,53.8833,25.2997,44.56,96,95,8.48
367,Lubyany,RU,2022-11-11 21:47:29,56.0378,51.4,41.49,94,100,12.17
368,Codrington,AU,2022-11-11 21:47:29,-38.2667,141.9667,57.79,79,83,11.5
369,Snasa,NO,2022-11-11 21:47:30,64.2457,12.3778,45.81,98,100,2.21
370,Pudem,RU,2022-11-11 21:47:30,58.3044,52.1675,39.76,98,100,7.58
371,Beloha,MG,2022-11-11 21:47:31,-25.1667,45.05,72.79,86,48,8.55
372,Trairi,BR,2022-11-11 21:47:31,-3.2778,-39.2689,78.91,73,94,11.45
373,Baoning,CN,2022-11-11 21:47:32,25.3378,110.026,62.46,94,0,0.0
374,Putina,PE,2022-11-11 21:47:32,-15.4667,-69.4333,55.9,44,54,16.84
375,Bairiki,KI,2022-11-11 21:45:30,1.3292,172.9752,84.2,70,20,11.5
376,Blackwater,AU,2022-11-11 21:47:33,-23.5833,148.8833,74.75,52,0,10.67
377,Husavik,IS,2022-11-11 21:47:33,66.0449,-17.3389,37.72,97,100,4.36
378,Pilar,BR,2022-11-11 21:43:45,-9.5972,-35.9567,76.93,90,30,5.35
379,Sao Sebastiao,BR,2022-11-11 21:47:34,-23.76,-45.4097,71.69,93,94,4.81
380,Pastavy,BY,2022-11-11 21:47:34,55.1168,26.8326,49.35,90,100,13.76
381,Kudahuvadhoo,MV,2022-11-11 21:47:34,2.6708,72.8944,79.59,81,100,15.93
382,Bonavista,CA,2022-11-11 21:47:35,48.6499,-53.1147,34.88,64,98,13.24
383,Cayenne,GF,2022-11-11 21:47:35,4.9333,-52.3333,80.64,83,0,2.3
384,Davila,PH,2022-11-11 21:47:36,18.4726,120.5763,75.18,80,2,5.73
385,Longford,IE,2022-11-11 21:47:36,53.7333,-7.8,52.48,94,98,2.46
386,Klagenfurt,AT,2022-11-11 21:47:36,46.6247,14.3053,49.42,72,100,5.99
387,Clarence Town,AU,2022-11-11 21:47:37,-32.5833,151.7833,70.86,61,0,3.4
388,Hovd,MN,2022-11-11 21:47:37,48.0056,91.6419,19.15,43,99,1.57
389,Tigil,RU,2022-11-11 21:47:38,57.8,158.6667,14.79,95,100,5.88
390,Ziyang,CN,2022-11-11 21:47:38,29.2497,117.8547,65.84,86,30,3.49
391,Sligo,IE,2022-11-11 21:47:39,54.2697,-8.4694,50.68,96,99,5.17
392,Sivas,TR,2022-11-11 21:47:39,39.7916,37.0019,38.03,93,3,2.3
393,Sturgis,US,2022-11-11 21:47:40,41.7992,-85.4192,50.07,88,100,9.22
394,Temyasovo,RU,2022-11-11 21:47:40,52.9933,58.1014,33.66,97,100,17.9
395,Okhotsk,RU,2022-11-11 21:47:40,59.3833,143.3,3.74,74,9,15.01
396,Marabba,SD,2022-11-11 21:47:41,12.35,32.1833,79.75,19,71,12.37
397,Tarma,PE,2022-11-11 21:47:41,-11.4197,-75.6908,58.12,74,82,6.15
398,Tabou,CI,2022-11-11 21:47:42,4.423,-7.3528,76.82,88,82,5.84
399,Kruisfontein,ZA,2022-11-11 21:47:43,-34.0033,24.7314,62.89,72,91,4.97
400,Bubaque,GW,2022-11-11 21:47:43,11.2833,-15.8333,83.52,61,98,8.95
401,Jiangyan,CN,2022-11-11 21:47:43,32.5061,120.1428,65.59,95,41,8.12
402,Partur,IN,2022-11-11 21:47:44,19.6,76.2167,66.92,65,100,4.74
403,Samarai,PG,2022-11-11 21:42:45,-10.6167,150.6667,81.19,76,100,8.68
404,Namibe,AO,2022-11-11 21:47:44,-15.1961,12.1522,65.05,78,70,10.09
405,Chabahar,IR,2022-11-11 21:47:45,25.2919,60.643,79.02,71,0,6.35
406,Santa Marinella,IT,2022-11-11 21:47:45,42.0345,11.8536,57.7,79,89,3.6
407,North Bend,US,2022-11-11 21:45:53,43.4065,-124.2243,50.16,99,100,12.66
408,Kidal,ML,2022-11-11 21:48:46,18.4411,1.4078,76.3,16,11,10.87
409,Palana,RU,2022-11-11 21:48:46,59.1167,159.9667,21.54,87,100,9.26
410,Akkermanovka,RU,2022-11-11 21:48:47,51.2467,58.2391,38.98,90,100,18.43
411,Kiruna,SE,2022-11-11 21:48:47,67.8557,20.2251,40.12,70,75,13.8
412,Luderitz,NA,2022-11-11 21:48:47,-26.6481,15.1594,57.67,86,0,6.24
413,Tura,IN,2022-11-11 21:45:03,25.5198,90.2201,63.48,80,1,3.91
414,Meulaboh,ID,2022-11-11 21:48:48,4.1363,96.1285,75.11,91,100,3.42
415,Omboue,GA,2022-11-11 21:48:48,-1.5746,9.2618,76.21,89,58,5.08
416,Santa Rosa,PH,2022-11-11 21:48:49,14.3122,121.1114,80.58,94,60,7.49
417,Ahipara,NZ,2022-11-11 21:48:49,-35.1667,173.1667,65.41,79,25,10.04
418,Wilmington,US,2022-11-11 21:48:50,34.2257,-77.9447,78.71,80,75,12.66
419,Faribault,US,2022-11-11 21:47:04,44.295,-93.2688,29.93,79,100,16.11
420,Canatlan,MX,2022-11-11 21:48:50,24.5167,-104.7833,77.23,15,29,9.98
421,Moerai,PF,2022-11-11 21:48:50,-22.4333,-151.3333,69.57,70,100,15.93
422,Geraldton,AU,2022-11-11 21:47:33,-28.7667,114.6,48.61,81,2,8.05
423,Westport,US,2022-11-11 21:48:30,41.1415,-73.3579,67.77,89,100,10.36
424,Shakawe,BW,2022-11-11 21:48:51,-18.3667,21.85,69.71,83,97,5.08
425,Bathsheba,BB,2022-11-11 21:48:52,13.2167,-59.5167,83.01,74,20,17.27
426,Zeya,RU,2022-11-11 21:46:55,53.75,127.2667,8.87,90,26,4.32
427,Weyburn,CA,2022-11-11 21:45:58,49.6668,-103.8511,11.55,84,100,7.23
428,Tucurui,BR,2022-11-11 21:48:52,-3.7661,-49.6725,83.37,58,100,3.42
429,Baghdad,IQ,2022-11-11 21:48:53,33.3406,44.4009,69.71,35,0,2.3
430,Baykit,RU,2022-11-11 21:48:53,61.67,96.37,22.89,89,100,11.65
431,San Carlos De Bariloche,AR,2022-11-11 21:48:54,-41.1456,-71.3082,56.95,51,75,18.41
432,Salina,US,2022-11-11 21:48:54,38.8403,-97.6114,39.02,42,0,18.41
433,Synya,RU,2022-11-11 21:48:54,65.3718,58.0387,9.72,99,93,2.44
434,Hambantota,LK,2022-11-11 21:46:42,6.1241,81.1185,77.34,100,40,3.44
435,Tamworth,GB,2022-11-11 21:48:55,52.634,-1.6959,55.36,90,7,4.0
436,Lata,PT,2022-11-11 21:48:55,40.1629,-8.3327,56.07,79,0,5.41
437,Egvekinot,RU,2022-11-11 21:48:56,66.3167,-179.1667,-0.98,84,5,7.45
438,El Sauzal,MX,2022-11-11 21:48:57,31.9,-116.6833,66.42,39,100,5.03
439,Matay,EG,2022-11-11 21:48:57,28.419,30.7792,65.07,55,0,10.4
440,Piacabucu,BR,2022-11-11 21:48:58,-10.4056,-36.4344,77.67,83,47,7.63
441,Porto Torres,IT,2022-11-11 21:48:58,40.835,8.3972,60.98,76,1,10.02
442,Broome,US,2022-11-11 21:48:59,42.2506,-75.833,62.85,85,100,14.97
443,Martapura,ID,2022-11-11 21:48:59,-3.4167,114.85,77.09,100,100,4.61
444,Mehamn,NO,2022-11-11 21:48:59,71.0357,27.8492,33.75,93,75,4.61
445,Shimoda,JP,2022-11-11 21:49:00,34.6667,138.95,60.1,82,34,11.14
446,Denpasar,ID,2022-11-11 21:46:52,-8.65,115.2167,78.46,83,20,3.44
447,Luanda,AO,2022-11-11 21:47:41,-8.8368,13.2343,77.0,78,0,12.66
448,Sulina,RO,2022-11-11 21:49:00,45.1559,29.6536,52.93,83,100,10.71
449,Lossiemouth,GB,2022-11-11 21:49:01,57.7214,-3.2834,54.16,75,20,8.05
450,Erzin,TR,2022-11-11 21:49:01,36.9559,36.2,61.47,53,0,5.86
451,Ola,RU,2022-11-11 21:49:02,59.5833,151.2833,-10.86,87,2,9.75
452,Sembe,CG,2022-11-11 21:50:02,1.6481,14.5806,69.93,99,100,2.39
453,Ulaangom,MN,2022-11-11 21:50:03,49.9811,92.0667,17.37,87,95,1.48
454,Bonthe,SL,2022-11-11 21:50:04,7.5264,-12.505,78.82,79,38,5.46
455,Porto Novo,BJ,2022-11-11 21:50:05,6.4965,2.6036,82.22,82,91,7.67
456,Yarim,YE,2022-11-11 21:50:05,14.298,44.3779,50.07,32,2,5.26
457,Soc Trang,VN,2022-11-11 21:50:06,9.6033,105.98,76.42,87,98,7.52
458,Salalah,OM,2022-11-11 21:50:06,17.0151,54.0924,77.07,70,5,8.03
459,Aubenas,FR,2022-11-11 21:50:07,44.6201,4.3899,52.45,90,100,2.06
460,Hun,LY,2022-11-11 21:50:07,29.1268,15.9477,61.74,48,0,2.95
461,Waw,SS,2022-11-11 21:50:08,7.7029,27.9953,75.04,31,98,2.77
462,Koslan,RU,2022-11-11 21:50:08,63.4564,48.8989,33.78,99,100,8.21
463,Mwinilunga,ZM,2022-11-11 21:50:09,-11.7358,24.4293,61.75,95,100,3.29
464,Zhicheng,CN,2022-11-11 21:50:09,30.2956,111.5047,67.69,71,95,4.85
465,San Francisco,US,2022-11-11 21:49:30,37.7749,-122.4194,63.0,64,100,8.99
466,Ryuo,JP,2022-11-11 21:50:10,35.65,138.5,51.6,72,0,1.34
467,Fukue,JP,2022-11-11 21:50:11,32.6881,128.8419,69.4,75,1,13.35
468,Sabang,ID,2022-11-11 21:50:11,5.8933,95.3214,77.83,84,100,5.17
469,Ambilobe,MG,2022-11-11 21:50:12,-13.2,49.05,71.4,80,29,2.62
470,Malindi,KE,2022-11-11 21:50:12,-3.2175,40.1191,77.09,89,93,7.29
471,Imeni Poliny Osipenko,RU,2022-11-11 21:50:14,52.4201,136.4853,13.77,94,50,2.68
472,Shelburne,CA,2022-11-11 21:47:12,44.0787,-80.2041,55.24,95,100,4.27
473,Ipixuna,BR,2022-11-11 21:50:14,-1.7625,-48.8043,77.77,86,74,4.09
474,Groningen,NL,2022-11-11 21:47:59,53.25,6.75,49.01,89,52,5.75
475,Newport,GB,2022-11-11 21:50:15,51.5877,-2.9984,56.08,87,31,9.15
476,Redcar,GB,2022-11-11 21:50:16,54.6166,-1.06,60.53,63,43,13.0
477,Sergeyevka,KZ,2022-11-11 21:50:17,53.88,67.4158,34.77,99,100,14.07
478,Cockburn Town,TC,2022-11-11 21:50:17,21.4612,-71.1419,82.13,72,6,15.68
479,Gabu,GW,2022-11-11 21:50:18,12.2833,-14.2167,75.04,29,99,1.9
480,Poum,NC,2022-11-11 21:50:19,-20.2333,164.0167,76.37,77,60,7.38
481,Sao Miguel Do Araguaia,BR,2022-11-11 21:50:19,-13.275,-50.1628,82.53,53,39,4.61
482,Kirakira,SB,2022-11-11 21:50:20,-10.4544,161.9205,80.91,85,100,8.99
483,Bassano,CA,2022-11-11 21:50:00,50.7834,-112.4685,23.49,86,10,4.54
484,Yumen,CN,2022-11-11 21:50:20,40.2833,97.2,27.54,53,0,4.52
485,Libenge,CD,2022-11-11 21:50:21,3.65,18.6333,68.9,96,91,2.68
486,Haines Junction,CA,2022-11-11 21:47:54,60.7522,-137.5108,19.35,93,100,1.14
487,Qui Nhon,VN,2022-11-11 21:50:22,13.7667,109.2333,74.23,87,100,7.94
488,Suslovo,RU,2022-11-11 21:50:22,56.2167,88.1167,27.93,87,99,11.36
489,Bilma,NE,2022-11-11 21:50:23,18.6853,12.9164,72.57,25,39,7.05
490,Bambanglipuro,ID,2022-11-11 21:50:23,-7.95,110.2833,75.88,90,100,1.9
491,Durango,MX,2022-11-11 21:50:15,24.8333,-104.8333,76.17,14,34,9.71
492,Carutapera,BR,2022-11-11 21:50:24,-1.195,-46.02,77.85,87,24,6.55
493,Buarcos,PT,2022-11-11 21:50:24,40.166,-8.8768,61.14,72,0,8.66
494,Okato,NZ,2022-11-11 21:50:25,-39.2,173.8833,58.68,89,91,10.07
495,Kanye,BW,2022-11-11 21:50:25,-24.9667,25.3327,61.5,91,100,12.37
496,Kathmandu,NP,2022-11-11 21:47:17,27.7167,85.3167,53.82,87,20,2.3
497,Goderich,CA,2022-11-11 21:50:26,43.7501,-81.7165,59.32,72,100,3.44
498,Hashtrud,IR,2022-11-11 21:50:26,37.4779,47.0508,40.28,86,8,3.42
499,Corrente,BR,2022-11-11 21:50:27,-3.7367,-43.3394,79.83,71,67,3.74
500,Shache,CN,2022-11-11 21:51:27,38.4167,77.2406,37.72,43,15,2.13
501,Lima,PE,2022-11-11 21:49:13,-12.0432,-77.0282,72.9,65,100,18.41
502,Asyut,EG,2022-11-11 21:51:28,27.181,31.1837,64.58,50,0,6.67
503,Dordrecht,NL,2022-11-11 21:51:28,51.81,4.6736,49.01,82,100,1.01
504,Bay Roberts,CA,2022-11-11 21:51:29,47.5999,-53.2648,40.05,83,96,5.99
505,Samboan,PH,2022-11-11 21:51:29,9.5276,123.3069,81.82,78,20,5.99
506,Ouro Preto,BR,2022-11-11 21:51:30,-20.3948,-43.5052,60.89,97,44,2.73
507,Arman,RU,2022-11-11 21:51:30,59.7,150.1667,-10.98,85,3,8.61
508,Ban Pong,TH,2022-11-11 21:51:31,13.8163,99.8774,75.83,81,92,5.73
509,Marienburg,PL,2022-11-11 21:48:28,54.0359,19.0266,52.88,82,100,8.7
510,Santa Cruz,BO,2022-11-11 21:48:07,-17.8,-63.1667,91.45,49,40,20.71
511,Cidreira,BR,2022-11-11 21:51:31,-30.1811,-50.2056,66.51,89,100,10.74
512,Marawi,PH,2022-11-11 21:51:32,7.9986,124.2928,68.34,92,59,0.85
513,Znamenskoye,RU,2022-11-11 21:51:32,57.1281,73.8282,30.54,97,100,9.13
514,Ormara,PK,2022-11-11 21:51:33,25.2088,64.6357,79.39,71,1,11.95
515,Aleksandrov Gay,RU,2022-11-11 21:51:33,50.147,48.5704,37.2,76,28,11.3
516,Kjollefjord,NO,2022-11-11 21:51:34,70.9457,27.3465,33.85,93,75,4.61
517,Katherine,AU,2022-11-11 21:51:34,-14.4667,132.2667,82.72,74,36,0.0
518,Manbij,SY,2022-11-11 21:51:34,36.5281,37.9549,58.44,55,0,5.73
519,Palmas,BR,2022-11-11 21:51:35,-10.2128,-48.3603,84.07,74,75,3.44
520,Krasnoselkup,RU,2022-11-11 21:51:35,65.7,82.4667,-14.51,95,36,5.95
521,Pochutla,MX,2022-11-11 21:51:36,15.7432,-96.4661,83.82,74,61,5.12
522,Waitati,NZ,2022-11-11 21:51:36,-45.75,170.5667,62.78,57,100,3.74
523,Zavodoukovsk,RU,2022-11-11 21:51:36,56.5042,66.5515,34.93,100,100,10.58
524,Carmarthen,GB,2022-11-11 21:51:37,51.8555,-4.3054,57.38,88,100,20.71
525,Torrijos,ES,2022-11-11 21:51:37,39.9819,-4.2835,58.84,90,59,10.74
526,Dingle,PH,2022-11-11 21:51:38,10.9995,122.6711,75.54,95,99,6.73
527,Tevriz,RU,2022-11-11 21:51:38,57.509,72.4042,31.93,98,100,8.14
528,Basco,PH,2022-11-11 21:51:38,20.4487,121.9702,80.76,84,14,13.87
529,Sovetskiy,RU,2022-11-11 21:51:39,61.3614,63.5842,22.53,93,54,6.46
530,Palamos,ES,2022-11-11 21:51:39,41.8484,3.1291,65.1,54,42,5.97
531,Oriximina,BR,2022-11-11 21:51:40,-1.7656,-55.8661,81.99,54,52,2.24
532,Monte Patria,CL,2022-11-11 21:51:40,-30.6919,-70.9467,65.55,43,100,6.82
533,Maxixe,MZ,2022-11-11 21:51:40,-23.8597,35.3472,74.93,88,21,5.21
534,Sloboda,RU,2022-11-11 21:51:41,51.1421,40.3021,41.49,86,83,9.22
535,Koygorodok,RU,2022-11-11 21:51:41,60.445,50.9968,37.96,97,100,5.32
536,Jawhar,SO,2022-11-11 21:51:42,2.7809,45.5005,75.61,87,41,5.19
537,Otane,NZ,2022-11-11 21:51:42,-39.8833,176.6333,64.0,87,88,6.8
538,Puerto Del Rosario,ES,2022-11-11 21:51:42,28.5004,-13.8627,71.35,83,40,11.5
539,Srednekolymsk,RU,2022-11-11 21:51:43,67.45,153.6833,-29.22,100,88,3.53
540,Mount Pleasant,US,2022-11-11 21:51:43,32.7941,-79.8626,74.08,91,100,19.57
541,Millau,FR,2022-11-11 21:47:19,44.0833,2.9167,57.33,88,57,9.01
542,Lop Buri,TH,2022-11-11 21:51:44,14.7981,100.654,76.91,83,100,5.1
543,Isfana,KG,2022-11-11 21:51:44,39.8386,69.5306,27.16,59,100,5.41
544,Kenitra,MA,2022-11-11 21:51:45,34.261,-6.5802,57.96,80,0,6.46
545,Margate,GB,2022-11-11 21:51:45,51.3813,1.3862,56.89,91,98,10.51
546,Luau,AO,2022-11-11 21:51:43,-10.7073,22.2247,65.01,98,100,3.22
547,Tuatapere,NZ,2022-11-11 21:52:46,-46.1333,167.6833,58.05,76,100,4.41
548,Lyubinskiy,RU,2022-11-11 21:52:46,55.1542,72.6925,31.68,98,100,12.06
549,Pangnirtung,CA,2022-11-11 21:52:46,66.1451,-65.7125,1.4,71,20,5.75
550,Ndele,CF,2022-11-11 21:52:47,8.4109,20.6473,73.35,38,22,3.22
551,Mana,GF,2022-11-11 21:52:47,5.6592,-53.7767,78.69,86,62,6.38
552,Nhulunbuy,AU,2022-11-11 21:52:48,-12.2333,136.7667,81.21,83,40,0.0
553,Mogadishu,SO,2022-11-11 21:52:44,2.0371,45.3438,78.17,83,52,12.93
554,Siocon,PH,2022-11-11 21:52:48,7.7061,122.1353,78.84,86,76,3.11
555,Fare,PF,2022-11-11 21:52:48,-16.7,-151.0167,78.01,75,92,3.6
556,Lavrentiya,RU,2022-11-11 21:52:49,65.5833,-171.0,16.84,77,1,8.16
557,Contamana,PE,2022-11-11 21:49:11,-7.3333,-75.0167,94.12,37,69,3.0
558,Orkney,ZA,2022-11-11 21:52:50,-26.9802,26.6727,60.4,89,89,3.87
559,Flin Flon,CA,2022-11-11 21:50:31,54.7682,-101.865,12.88,74,100,5.86
560,Pontianak,ID,2022-11-11 21:51:44,-0.0333,109.3333,75.18,100,100,2.3
561,Yarmouth,US,2022-11-11 21:52:50,41.7057,-70.2286,67.98,84,75,12.66
562,Rinteln,DE,2022-11-11 21:52:51,52.186,9.0792,50.05,73,86,9.22
563,Pacific Grove,US,2022-11-11 21:52:51,36.6177,-121.9166,62.55,63,0,8.01
564,Ambon,ID,2022-11-11 21:52:51,-3.6954,128.1814,78.24,14,40,5.75
565,Evanston,US,2022-11-11 21:52:52,42.0411,-87.6901,44.11,55,26,5.01
566,Manono,CD,2022-11-11 21:52:52,-7.3,27.4167,69.01,97,100,3.06
567,Bellavista,PE,2022-11-11 21:52:53,-7.0561,-76.5911,82.11,65,91,1.36
568,Marsh Harbour,BS,2022-11-11 21:52:53,26.5412,-77.0636,80.94,75,63,9.91
569,Lianyuan,CN,2022-11-11 21:52:53,27.6883,111.6642,69.62,62,0,1.92
570,Vao,NC,2022-11-11 21:52:54,-22.6667,167.4833,73.89,78,99,17.52
571,Emirdag,TR,2022-11-11 21:52:54,39.0197,31.15,44.31,61,7,2.66
